<?xml version="1.0" encoding="UTF-8"?>
<project-private xmlns="http://www.netbeans.org/ns/project-private/1">
    <editor-bookmarks xmlns="http://www.netbeans.org/ns/editor-bookmarks/2" lastBookmarkId="0"/>
    <open-files xmlns="http://www.netbeans.org/ns/projectui-open-files/2">
        <group>
            <file>file:/D:/projects/Final_Project/src/final_project/Billing_GUI.java</file>
            <file>file:/D:/projects/Final_Project/src/final_project/Screen_2.java</file>
            <file>file:/D:/projects/Final_Project/src/final_project/Sign_Up_Form_GUI.java</file>
            <file>file:/D:/projects/Final_Project/src/final_project/Login_GUI.java</file>
        </group>
    </open-files>
</project-private>
